Keyword,Intent,Volume,Trend,Keyword Difficulty,CPC (USD),SERP Features
fortnite thumbnail,Informational,4400,"0.71,0.71,0.43,0.43,0.57,1.00,1.00,0.71,1.00,0.43,0.57,0.57",19,2.74,"Image, Image pack, Video, Related searches"
youtube thumbnail grabber,"Informational, Commercial",4400,"0.55,0.55,0.55,1.00,0.82,0.44,0.55,0.44,0.82,0.55,0.67,0.44",29,0,"Sitelinks, Video, Related searches"
pig 64 thumbnail,Informational,3600,1.00,25,0,"Sitelinks, Image, Image pack, Video, Related searches"
thumbnail grabber,"Informational, Commercial",2900,"1.00,0.80,0.80,0.80,0.80,0.80,0.80,0.80,0.80,0.67,0.80,1.00",23,0,"Sitelinks, Image pack, Video, People also ask, Related searches"
lil jon logo thumbnail,Informational,2400,1.00,7,0,"Image, Image pack, Video, Related searches"
mw3 thumbnail pack payhip,"Navigational, Transactional",2400,1.00,15,0,"Image, Image pack, Video, Related searches"
mw3 thumbnail packs free,Informational,2400,1.00,24,0,"Image, Image pack, Video, Related searches"
sws thumbnail bf 2042,Informational,2400,1.00,26,0,"Sitelinks, Image, Image pack, Video, People also ask, Related searches"
visual maps clips thumbnails,Informational,2400,1.00,28,0,"Sitelinks, Image pack, Video, People also ask, Related searches"
wii theme thumbnail,Informational,2400,1.00,27,0,"Image, Image pack, Video, Related searches"
fortnite thumbnails,Informational,1900,"0.50,0.70,0.50,0.40,1.00,0.80,0.70,0.80,0.30,0.20,0.40,0.50",26,2.74,"Image, Image pack, Video, Related searches"
thumbnail sketches,Informational,1900,"0.20,0.27,1.00,0.80,0.53,0.27,0.67,0.53,0.80,0.80,0.53,0.20",25,0,"Sitelinks, Image, Image pack, Video, People also ask, Related searches"
readingreading thumbnailmathmath thumbnail,Informational,1600,"0.81,1.00,0.00,0.00,0.00,0.00,0.00,0.00,0.00",14,0,"Sitelinks, Image pack, Video, Related searches"
thumbnail tester,"Informational, Commercial",1600,"1.00,0.52,0.68,0.68,0.52,0.52,0.84,1.00,0.68,0.84,1.00,1.00",29,1.51,"Sitelinks, Image pack, Video, People also ask, Related searches"
thumbnail background,Informational,1300,"0.86,0.68,0.86,1.00,0.86,0.68,0.54,0.68,0.46,0.54,0.54,0.54",28,1.94,"Image, Image pack, Video, Related searches"
thumbnail dimensions,Informational,1300,"0.11,0.11,0.20,0.84,0.68,0.68,1.00,0.84,0.84,0.13,0.84,1.00",28,0,"Sitelinks, AI Overview, Image, Video, People also ask, Related searches"
youtube thumbnail background,Informational,1300,"0.85,0.85,0.85,0.69,0.69,0.52,1.00,0.69,0.52,0.52,0.52,0.52",28,1.97,"Image pack, Video, Related searches"
half moon on thumbnail,Informational,1000,"0.44,0.30,0.24,0.20,0.11,0.30,0.24,0.34,0.20,0.16,1.00,0.55",29,0,"Sitelinks, AI Overview, Image, Image pack, Video, Related searches"
minecraft thumbnail,Informational,1000,"1.00,0.75,0.75,0.75,0.42,0.75,1.00,1.00,0.54,1.00,0.75,0.67",27,0,"Image, Image pack, Video, People also ask, Discussions and forums, Related searches"
mr beast thumbnails,Informational,1000,"1.00,0.78,0.36,0.53,0.28,0.28,0.42,0.28,0.42,0.42,0.67,0.28",30,0,"Sitelinks, Image, Image pack, Video, People also ask, Related searches"
old youtube thumbnails fake stuff,Informational,1000,"1.00,0.00",25,0,"Sitelinks, Image pack, Video, People also ask, Related searches"
pp 29 mackay thumbnail,Informational,1000,"1.00,0.00",20,0,"Image, Image pack, Video, Related searches"
punching babies in public prank thumbnail,"Informational, Transactional",1000,"1.00,0.00",22,0,
thumbnail gallery post,Informational,1000,"0.25,0.25,0.15,0.66,1.00,0.31,0.66,0.25,0.34,0.20,0.25,0.12",15,0.74,"Sitelinks, Image, Image pack, Video, People also ask, Related searches"
thumbnail preview,Informational,1000,"0.45,0.30,0.36,0.45,0.45,0.55,1.00,0.81,0.62,0.62,0.81,0.62",23,0,"Sitelinks, Image pack, Video, People also ask, Related searches"
thumbnail sketch,Informational,1000,"0.22,0.61,0.81,0.56,0.61,0.61,0.81,1.00,0.44,0.61,1.00,0.56",16,0,"Image, Image pack, Video, People also ask, Related searches"
youtube thumbnail resizer,Informational,1000,"0.67,0.76,0.67,0.76,0.67,0.55,0.76,0.67,0.76,1.00,0.76,0.67",22,1.36,"Video, Related searches"
discord time converter,Informational,12100,,19,0,
album art generator,Commercial,4400,,30,0.579999983,
add text to video,Informational,2400,,27,1.350000024,
how to make text smaller in discord,Informational,2400,,30,0,
remove text from video,Informational,2400,,26,1.559999943,
super maker ia,Navigational,2400,,20,0,
contact lens remover tool,Commercial,1900,,24,0.310000002,
smart background,Navigational,1900,,21,12.10999966,
twitch banner dimensions,Informational,1900,,19,1.169999957,
blur screen,Informational,1600,,21,0,
funny ai generated images,Informational,1600,,16,0.920000017,
ai animate image,Informational,1300,,28,1.080000043,
auto tune free,Informational,1300,,24,1.049999952,
blur overlay,Informational,1300,,23,0,
combine photos iphone,Informational,1300,,22,1.360000014,
crop cut,Informational,1300,,27,0.5,
how many pics can you post on ig,Informational,1300,,21,0,
how to delete a sticker from snapchat,Informational,1300,,30,0,
how to edit a text message,Informational,1300,,25,0,
ai overlay my video onto a screen at an angle,Informational,1000,,22,0,
ai sticker generator,Commercial,1000,,21,0.99000001,
auto trimmer,Commercial,1000,,25,1.909999967,
stand generator,Commercial,1000,,20,0,
watermark remover app,Commercial,1000,,27,1.24000001,
how do i make a post shareable on facebook,Informational,4400,"0.10,0.10,0.54,1.00,1.00,0.10,0.10,0.10,0.29,0.10,0.44,0.15",28,0,"AI Overview, Video, Related searches"
how to make facebook post shareable,Informational,4400,"0.81,0.54,0.66,0.66,0.66,0.54,0.54,0.66,0.66,0.66,0.81,1.00",21,0,"Featured snippet, Video, People also ask, Discussions and forums, Related searches"
how to make post shareable on facebook,Informational,2900,"0.80,0.80,0.80,1.00,0.80,0.67,0.80,0.67,0.80,0.80,0.80,1.00",28,0,"AI Overview, Video, Related searches"
how to make a fb post shareable,Informational,2400,"0.36,0.54,0.81,0.81,1.00,0.20,0.22,0.81,0.36,0.30,0.65,0.43",25,0,"AI Overview, Video, Related searches"
how to make fb post shareable,Informational,1900,"0.34,1.00,1.00,0.65,0.65,1.00,0.55,0.55,0.34,0.83,1.00,0.65",24,0,"AI Overview, Video, Discussions and forums, Related searches"
how to make facebook posts shareable,Informational,1600,"0.45,0.66,0.66,0.83,1.00,0.55,0.55,0.25,0.31,0.25,0.25,0.31",24,0,"AI Overview, Video, Discussions and forums, Related searches"
how to make post shareable on fb,Informational,1300,"0.34,0.45,0.45,0.66,0.55,0.55,0.45,1.00,0.55,0.19,0.25,0.15",28,0,"AI Overview, Video, Discussions and forums, Related searches"
how do i make a facebook post shareable,Informational,1000,"0.55,0.67,0.67,1.00,0.76,0.55,0.76,0.67,0.76,0.76,0.67,1.00",28,0,"AI Overview, Video, Related searches"
how to make post hardcore music,Informational,1000,"1.00,0.00",20,0,"Sitelinks, Image pack, Video"
tiktok thumbnail downloader,"Informational, Commercial",880,"0.13,0.20,0.25,0.37,0.25,1.00,0.46,0.37,0.52,0.68,0.52,1.00",16,0,"Sitelinks, Image pack, Video, Related searches"
tiktok thumbnail,Informational,480,"0.81,1.00,0.67,0.54,0.81,0.67,0.81,0.67,0.81,0.81,0.81,0.67",25,0,"Sitelinks, Image pack, Video, People also ask, Discussions and forums, Related searches"
tiktok thumbnail download,"Informational, Commercial",320,"0.23,0.44,0.11,0.81,0.23,0.81,0.35,0.81,1.00,1.00,0.81,0.23",15,0,"Sitelinks, Image pack, Video, Related searches"
tiktok thumbnail size,"Informational, Commercial",320,"0.66,0.54,0.81,0.66,0.66,0.54,0.43,0.66,1.00,0.66,1.00,1.00",12,0,"Sitelinks, AI Overview, Image pack, Video, People also ask, Discussions and forums, Related searches"
tyler the creator album cover,Informational,5400,"0.36,0.44,0.44,1.00,0.66,0.44,0.66,0.81,0.66,0.66,0.66,0.44",19,0,"Sitelinks, Image, Image pack, Video, Related searches"
