Database,Keyword,Seed keyword,Page,Topic,Page type,Volume,Keyword Difficulty,CPC (USD),Competitive Density,Number of Results,Intent,SERP Features,Trend,Click potential,Content reference 1,Content reference 2,Content reference 3,Content reference 4,Content reference 5,Content reference 6,Content reference 7,Content reference 8,Content reference 9,Content reference 10,Competitor on TOP 10 #1,Competitor on TOP 10 #2,Competitor on TOP 10 #3,Competitor on TOP 10 #4,Competitor on TOP 10 #5,Competitor on TOP 10 #6,Competitor on TOP 10 #7,Competitor on TOP 10 #8,Competitor on TOP 10 #9,Competitor on TOP 10 #10
us,1024x576 youtube banner,cover photo for youtube video,1024x576 youtube banner,social media cover design,Sub page,2400,21,0,0,0,Informational,"Image Pack, Reviews, Video, Image, Related Searches","0.54,0.43,0.36,0.43,0.54,0.43,0.65,0.43,0.43,0.54,0.54,0.65",0,https://www.canva.com/create/youtube-banners/,https://www.canva.com/youtube-channel-art/templates/,https://image.pi7.org/resize-to-1024x576-pixels,https://www.fotor.com/youtube-banner/templates/1024-576-youtube-banner/,https://pngtree.com/free-backgrounds-photos/1024x576-youtube-banner,https://in.pinterest.com/pin/youtube-banner-backgrounds-1024x576--591730838562923649/,https://www.iloveconverting.com/image-tools/1024x576-pixels-youtube-banner-image,https://stock.adobe.com/search?k=youtube+banner,https://www.postermywall.com/index.php/posters/search?s=1024x576%20youtube%20banner,https://www.capcut.com/resource/1024x576-youtube-banner,https://image.pi7.org/resize-to-1024x576-pixels,https://in.pinterest.com/pin/youtube-banner-backgrounds-1024x576--591730838562923649/,https://www.canva.com/create/youtube-banners/,https://www.iloveconverting.com/image-tools/1024x576-pixels-youtube-banner-image,https://www.pinterest.com/ideas/banner-1024x576/944348806778/,https://www.canva.com/youtube-channel-art/templates/,https://www.postermywall.com/index.php/posters/search?s=1024x576%20youtube%20banner,https://dribbble.com/search/1024x576-youtube-banner,https://stock.adobe.com/search?k=youtube+banner,https://www.fotor.com/youtube-banner/templates/1024-576-youtube-banner/
us,1024 x 576 pixels youtube banner,cover photo for youtube video,1024x576 youtube banner,social media cover design,Sub page,1600,24,0,0,0,Informational,"Image Pack, People Also Ask, Reviews, Video, Image, Related Searches","0.65,0.65,0.44,0.55,0.55,0.44,0.44,0.44,0.44,0.55,0.55,0.55",0,https://www.canva.com/create/youtube-banners/,https://www.canva.com/youtube-channel-art/templates/,https://image.pi7.org/resize-to-1024x576-pixels,https://www.fotor.com/youtube-banner/templates/1024-576-youtube-banner/,https://pngtree.com/free-backgrounds-photos/1024x576-youtube-banner,https://in.pinterest.com/pin/youtube-banner-backgrounds-1024x576--591730838562923649/,https://www.iloveconverting.com/image-tools/1024x576-pixels-youtube-banner-image,https://stock.adobe.com/search?k=youtube+banner,https://www.postermywall.com/index.php/posters/search?s=1024x576%20youtube%20banner,https://www.capcut.com/resource/1024x576-youtube-banner,https://image.pi7.org/resize-to-1024x576-pixels,https://in.pinterest.com/pin/youtube-banner-backgrounds-1024x576--591730838562923649/,https://www.canva.com/create/youtube-banners/,https://www.iloveconverting.com/image-tools/1024x576-pixels-youtube-banner-image,https://www.pinterest.com/ideas/banner-image-for-youtube-1024-x-576/942793500508/,https://www.fotor.com/youtube-banner/templates/1024-576-youtube-banner/,https://resizeimage.io/resize-image-to-1024x576,https://resizehood.com/1024x576-image-converter/,https://www.youtube.com/watch?v=lHiC7TQKOgM,https://pngtree.com/free-backgrounds-photos/1024x576-youtube-banner
us,ai image to video free no watermark,add thumbnail to video online free,ai image to video free no watermark,video thumbnail creator,Sub page,1900,29,0,0,0,Commercial,"Reviews, Video, Related Searches",1.00,0,https://www.canva.com/features/photo-to-video/,https://invideo.io/make/image-to-videos/,https://getimg.ai/tools/image-to-video,https://www.canva.com/create/photo-videos/,https://www.youtube.com/watch?v=a9mDfk2pgLo,https://www.adobe.com/express/create/video/photo,https://www.vidnoz.com/image-to-video-ai.html,https://www.reddit.com/r/VideoEditing/comments/1cz8xod/creating_a_video_to_showcase_my_photos/,https://www.clipfly.ai/video-ai/ai-video-generator/,https://www.descript.com/blog/article/how-to-make-a-video-with-pictures,https://www.vidnoz.com/image-to-video-ai.html,https://supawork.ai/ai-image-to-video,https://virbo.wondershare.com/ai-video-generator-no-watermark.html,https://www.clipfly.ai/video-ai/ai-video-generator/,https://www.youtube.com/watch?v=3Ey783LXSdU,https://www.vmaker.com/ai-video-editor,https://invideo.io/make/image-to-videos/,https://www.aiease.ai/image-to-video/,https://www.youtube.com/watch?v=0kKdcLTq-qg,https://www.vadoo.tv/free-ai-video-generator
us,blank book cover,book cover backgrounds,book cover empty,book cover design,Sub page,1000,23,0,0,0,"Informational, Commercial","Image Pack, Reviews, Video, Image, Popular Products, Related Searches","0.54,0.30,0.66,0.41,0.41,0.41,0.36,0.54,0.30,0.20,0.36,0.36",0,https://www.canva.com/book-covers/templates/,https://www.freepik.com/free-photos-vectors/blank-book-cover,https://www.istockphoto.com/photos/blank-book-cover,https://www.teacherspayteachers.com/browse?search=blank%20book%20cover,https://stock.adobe.com/search?k=blank+book+cover+template,https://www.walmart.com/c/kp/blank-book-cover,https://www.amazon.com/Stretchable-Washable-Hardcover-Textbooks-Notebooks/dp/B09VGN75PR,https://stock.adobe.com/search/images?k=blank+book+cover,http://acct107430.shop.netsuite.com/s.nl/c.ACCT107430/sc.23/category.47/.f,https://www.vecteezy.com/free-vector/blank-book-cover,https://www.amazon.com/Stretchable-Washable-Hardcover-Textbooks-Notebooks/dp/B09VGN75PR,http://acct107430.shop.netsuite.com/s.nl/c.ACCT107430/sc.23/category.47/.f,https://www.canva.com/book-covers/templates/,https://stock.adobe.com/search/images?k=blank+book+cover,https://www.walmart.com/c/kp/blank-book-cover,https://www.teacherspayteachers.com/browse/free?search=blank%20book%20cover,https://www.freepik.com/free-photos-vectors/blank-book-cover,https://bookcoverzone.com/tag/blank,https://www.istockphoto.com/photos/blank-book-cover,https://www.flipsideproducts.com/hayes/blank-books.html
us,book sleeve,book casing,book sleeve covers,book cover design,Sub page,4400,20,0,0,0,Commercial,"People Also Ask, Site Links, Reviews, Video, Image, Popular Products, Related Searches","0.44,0.54,0.44,0.54,0.35,0.35,0.29,0.44,0.29,0.81,0.66,0.66",0,https://www.demco.com/products/library-supplies/book-covers-protection/book-jacket-covers,https://www.thelibrarystore.com/category/book-jacket-covers,https://juniperbooks.com/collections/jackets-only,https://www.shopbrodart.com/Library-Supplies/Book-Jacket-Covers/,https://www.amazon.com/book-dust-jacket-covers/s?k=book+dust+jacket+covers,https://nerdy.ink/collections/dustjackets,https://bookbeau.com/,https://www.universityproducts.com/archival-storage/archival-storage-library-products/book-jacket-covers,https://bookbeau.com/collections/book-sleeves,https://www.amazon.com/book-sleeves/s?k=book+sleeves,https://bookbeau.com/collections/book-sleeves,https://www.amazon.com/book-sleeves/s?k=book+sleeves,https://www.reddit.com/r/aardvarkbookclub/comments/1fdh91n/recommendations_for_book_protector_sleevescovers/,https://thebookishshop.com/collections/bags,https://www.etsy.com/market/book_sleeve,https://paperandword.com/,https://www.youtube.com/watch?v=YkkKprRsLkU,https://bookbeau.com/,https://www.jukiclub.com/making-book-sleeves/,https://charlieandfox.com.au/collections/book-sleeves
us,border design,front page design easy,border design for project,social media cover design,Sub page,6600,30,0,0,0,Informational,"Image Pack, Short Videos, Site Links, Video, Image, Related Searches","0.54,0.54,0.54,0.81,0.44,0.44,0.44,0.66,0.44,0.54,0.44,0.66",0,https://www.youtube.com/watch?v=0XgPxtTxae0,https://www.canva.com/page-borders/templates/,https://www.pinterest.com/81quro/border-designs/,https://www.pinterest.com/maryaaangel/border-design/,https://stock.adobe.com/search?k=border+design,https://www.canva.com/page-borders/templates/creative/,https://www.youtube.com/playlist?list=PLaC5PbB-NPWO3vLF_rfYSkXMZg1J5H3w7,https://www.youtube.com/watch?v=T4sxE55t7-0,https://www.amazon.com/Border-Design-Paper/s?k=Border+Design+Paper,https://stock.adobe.com/search?k=simple+border+design,https://stock.adobe.com/search?k=border+design,https://www.canva.com/page-borders/templates/,https://www.freepik.com/vectors/border-design,https://www.pinterest.com/amrutha20/border/,https://stock.adobe.com/search?k=school+border,https://www.youtube.com/playlist?list=PLjtGm6AyKYCcrH8mfpb1DAfeQ_cZFqWLE,https://www.pinterest.com/81quro/border-designs/,https://www.freepik.com/free-photos-vectors/border,https://www.youtube.com/watch?v=0XgPxtTxae0,https://www.etsy.com/in-en/listing/1202520252/10-embroidery-border-designs-bundle-2
us,cd jewel case template,music cd cover maker,cd jewel case template,professional cover design,Sub page,1000,30,0,0,0,Informational,"Site Links, Reviews, Video, Image, Related Searches","0.30,0.20,0.34,0.34,0.30,0.44,0.44,0.55,0.44,0.44,0.44,0.34",0,https://www.discmakers.com/templates/jewelcase.asp,https://www.reddit.com/r/compactdisc/comments/1edrrnd/cd_jewel_case_cover_template/,https://www.canva.com/album-covers/templates/,https://www.avery.com/templates/8693,https://www.elegantflyer.com/category/free-cd-dvd-templates/,https://www.cdrom2go.com/jewel-case-templates,https://www.freepik.com/psd/cd-cover,https://www.adobe.com/express/templates/cover/cd,https://duplication.cdbaby.com/quoter/templates.aspx,https://www.blankmediaprinting.com/custom-cd-booklets,https://www.avery.com/templates/8693,https://www.cdrom2go.com/jewel-case-templates,https://www.discmakers.com/templates/jewelcase.asp,https://www.reddit.com/r/compactdisc/comments/1edrrnd/cd_jewel_case_cover_template/,https://www.blankmediaprinting.com/custom-cd-booklets,https://www.neatolabels.com/pages/cd-dvd-insert-templates,https://www.youtube.com/watch?v=7QoCP5B-ZSI,https://www.canva.com/album-covers/templates/,https://www.avery.com/templates/6693,https://www.mediaxpress.net/cd-dvd-jewel-case-templates.html
us,compact disk cover size,cd cover creator free,compact disk cover size,professional cover design,Sub page,1300,19,0,0,0,"Informational, Commercial","Image Pack, People Also Ask, Site Links, Reviews, Video, Image, Related Searches","0.81,1.00,0.81,0.81,0.81,0.81,0.55,0.81,0.62,0.00,0.81,0.62",0,https://www.adobe.com/express/create/cover/cd,https://www.canva.com/album-covers/templates/,https://www.thepapermillstore.com/free-templates/cd-cover-templates,https://www.reddit.com/r/Cd_collectors/comments/187uzbt/how_would_i_print_cover_art_for_cd/,https://www.discmakers.com/templates/,https://www.printingforless.com/resources/cd-cover-size-specifications/,https://www.avery.com/templates/category/cddvd,https://www.ronyasoft.com/products/cd-dvd-label-maker/articles/cd_cover_dimensions/,https://blog.discmakers.com/2024/07/cd-album-cover-size/,https://duplication.cdbaby.com/quoter/templates.aspx,https://www.printingforless.com/resources/cd-cover-size-specifications/,https://www.ronyasoft.com/products/cd-dvd-label-maker/articles/cd_cover_dimensions/,https://www.reddit.com/r/Cd_collectors/comments/187uzbt/how_would_i_print_cover_art_for_cd/,https://blog.discmakers.com/2024/07/cd-album-cover-size/,https://www.amazon.com/KEYIN-Standard-Clear-Jewel-Case/dp/B07NSCDVLQ,https://www.adobe.com/express/create/cover/cd,https://www.usemogul.com/post/the-ultimate-guide-to-cd-cover-dimensions,https://www.soundon.global/forum/cd-cover-dimensions-album-vs-ep?lang=en,https://www.photoshopgurus.com/forum/threads/standard-pixel-dimensions-for-a-cd-case-cover.1618/,https://neo-online.co.uk/what-is-the-size-of-a-standard-cd-jewel-case/
us,cd cover dimensions,cd cover maker,compact disk cover size,professional cover design,Sub page,1900,29,0,0,0,Informational,"People Also Ask, AI Overview, Site Links, Video, Featured Snippet, Image, Related Searches","0.52,0.52,0.24,0.44,0.44,0.44,0.44,0.36,0.52,0.66,1.00,0.66",0,https://www.adobe.com/express/create/cover/cd,https://www.canva.com/album-covers/templates/,https://www.thepapermillstore.com/free-templates/cd-cover-templates,https://www.reddit.com/r/Cd_collectors/comments/187uzbt/how_would_i_print_cover_art_for_cd/,https://www.discmakers.com/templates/,https://www.printingforless.com/resources/cd-cover-size-specifications/,https://www.avery.com/templates/category/cddvd,https://www.ronyasoft.com/products/cd-dvd-label-maker/articles/cd_cover_dimensions/,https://blog.discmakers.com/2024/07/cd-album-cover-size/,https://duplication.cdbaby.com/quoter/templates.aspx,https://www.adobe.com/express/create/cover/cd,https://www.printingforless.com/resources/cd-cover-size-specifications/,https://www.reddit.com/r/Cd_collectors/comments/187uzbt/how_would_i_print_cover_art_for_cd/,https://blog.discmakers.com/2024/07/cd-album-cover-size/,https://www.ronyasoft.com/products/cd-dvd-label-maker/articles/cd_cover_dimensions/,https://www.photoshopgurus.com/forum/threads/standard-pixel-dimensions-for-a-cd-case-cover.1618/,https://www.template.net/graphic-design/album-cover-sizes/,https://www.soundon.global/forum/cd-cover-dimensions-album-vs-ep?lang=en,https://papersdb.com/miscellaneous/cd-case-insert,https://www.amazon.com/KEYIN-Standard-Clear-Jewel-Case/dp/B07NSCDVLQ
us,cd cover size,cd cover maker,compact disk cover size,professional cover design,Sub page,1900,29,0,0,0,Informational,"People Also Ask, AI Overview, Site Links, Video, Featured Snippet, Image, Related Searches","0.52,0.44,0.36,0.24,0.36,0.52,0.44,0.66,0.52,0.52,0.80,0.80",0,https://www.adobe.com/express/create/cover/cd,https://www.canva.com/album-covers/templates/,https://www.thepapermillstore.com/free-templates/cd-cover-templates,https://www.reddit.com/r/Cd_collectors/comments/187uzbt/how_would_i_print_cover_art_for_cd/,https://www.discmakers.com/templates/,https://www.printingforless.com/resources/cd-cover-size-specifications/,https://www.avery.com/templates/category/cddvd,https://www.ronyasoft.com/products/cd-dvd-label-maker/articles/cd_cover_dimensions/,https://blog.discmakers.com/2024/07/cd-album-cover-size/,https://duplication.cdbaby.com/quoter/templates.aspx,https://www.adobe.com/express/create/cover/cd,https://www.printingforless.com/resources/cd-cover-size-specifications/,https://www.reddit.com/r/Cd_collectors/comments/187uzbt/how_would_i_print_cover_art_for_cd/,https://www.ronyasoft.com/products/cd-dvd-label-maker/articles/cd_cover_dimensions/,https://blog.discmakers.com/2024/07/cd-album-cover-size/,https://www.photoshopgurus.com/forum/threads/standard-pixel-dimensions-for-a-cd-case-cover.1618/,https://www.amazon.com/KEYIN-Standard-Clear-Jewel-Case/dp/B07NSCDVLQ,https://www.template.net/graphic-design/album-cover-sizes/,https://www.soundon.global/forum/cd-cover-dimensions-album-vs-ep?lang=en,https://axiomprint.com/product/cd-cover-inserts-902
us,cd case cover dimensions,cd cover creator free,compact disk cover size,professional cover design,Sub page,1300,28,0,0,0,Informational,"People Also Ask, Site Links, Video, Featured Snippet, Image, Related Searches","0.54,0.79,0.41,0.30,0.24,0.16,0.36,0.66,0.24,0.79,0.36,1.00",0,https://www.adobe.com/express/create/cover/cd,https://www.canva.com/album-covers/templates/,https://www.thepapermillstore.com/free-templates/cd-cover-templates,https://www.reddit.com/r/Cd_collectors/comments/187uzbt/how_would_i_print_cover_art_for_cd/,https://www.discmakers.com/templates/,https://www.printingforless.com/resources/cd-cover-size-specifications/,https://www.avery.com/templates/category/cddvd,https://www.ronyasoft.com/products/cd-dvd-label-maker/articles/cd_cover_dimensions/,https://blog.discmakers.com/2024/07/cd-album-cover-size/,https://duplication.cdbaby.com/quoter/templates.aspx,https://www.printingforless.com/resources/cd-cover-size-specifications/,https://www.reddit.com/r/Cd_collectors/comments/187uzbt/how_would_i_print_cover_art_for_cd/,https://www.ronyasoft.com/products/cd-dvd-label-maker/articles/cd_cover_dimensions/,https://blog.discmakers.com/2024/07/cd-album-cover-size/,https://www.adobe.com/express/create/cover/cd,https://www.usemogul.com/post/the-ultimate-guide-to-cd-cover-dimensions,https://www.amazon.com/KEYIN-Standard-Clear-Jewel-Case/dp/B07NSCDVLQ,https://www.cdrom2go.com/dvd-case-dimensions,https://bandposterprinting.com/product/cd-covers/,https://papersdb.com/miscellaneous/cd-case-insert
us,cd case cover size,cd cover creator free,compact disk cover size,professional cover design,Sub page,1000,28,0,0,0,Informational,"Image Pack, People Also Ask, AI Overview, Site Links, Reviews, Video, Featured Snippet, Image, Related Searches","0.19,0.19,0.02,0.08,0.04,0.03,0.19,0.19,0.03,0.19,0.36,0.19",0,https://www.adobe.com/express/create/cover/cd,https://www.canva.com/album-covers/templates/,https://www.thepapermillstore.com/free-templates/cd-cover-templates,https://www.reddit.com/r/Cd_collectors/comments/187uzbt/how_would_i_print_cover_art_for_cd/,https://www.discmakers.com/templates/,https://www.printingforless.com/resources/cd-cover-size-specifications/,https://www.avery.com/templates/category/cddvd,https://www.ronyasoft.com/products/cd-dvd-label-maker/articles/cd_cover_dimensions/,https://blog.discmakers.com/2024/07/cd-album-cover-size/,https://duplication.cdbaby.com/quoter/templates.aspx,https://www.adobe.com/express/create/cover/cd,https://www.printingforless.com/resources/cd-cover-size-specifications/,https://www.reddit.com/r/Cd_collectors/comments/187uzbt/how_would_i_print_cover_art_for_cd/,https://www.ronyasoft.com/products/cd-dvd-label-maker/articles/cd_cover_dimensions/,https://blog.discmakers.com/2024/07/cd-album-cover-size/,https://www.photoshopgurus.com/forum/threads/standard-pixel-dimensions-for-a-cd-case-cover.1618/,https://axiomprint.com/product/cd-cover-inserts-902,https://papersdb.com/miscellaneous/cd-case-insert,https://www.cdrom2go.com/dvd-case-dimensions,https://bandposterprinting.com/product/cd-covers/
us,cover with photo,fake magazine cover maker free,cover with photo,book cover design,Sub page,1300,23,0,0,0,"Informational, Commercial","Image Pack, Video Carousel, Site Links, Reviews, Video, Image, Popular Products, Related Searches","0.36,0.54,0.43,0.36,0.36,0.43,0.65,0.13,0.22,0.00,0.05,0.03",0,https://photos3.walmart.com/category/52-picture-phone-cases,https://www.amazon.com/picture-phone-case/s?k=picture+phone+case,https://www.etsy.com/market/covers_with_pictures,https://www.yourcover.com/,https://www.gocustomized.com/collections/custom-picture-phone-cases,https://www.personalizzalo.it/en/photo-phone-cases.html,https://coverking.com/products/car-cover-photo-cover,https://www.pinterest.com/Simplicity98/cover-photos/,https://unsplash.com/s/photos/cover-photo,https://www.printshoppy.com/custom-mobile-cases,https://www.gocustomized.com/collections/custom-picture-phone-cases,https://photos3.walmart.com/category/52-picture-phone-cases,https://www.personalizzalo.it/en/photo-phone-cases.html,https://coverking.com/products/car-cover-photo-cover,https://www.amazon.com/picture-phone-case/s?k=picture+phone+case,https://www.printshoppy.com/custom-mobile-cases,https://www.amazon.com/Operation-Projection-Customiza-Instantly-Personalize/dp/B0CY2PGC27,https://www.yourcover.com/,https://photo.walgreens.com/store/8x11-layflat-custom-cover-photo-book-sdp-details,https://www.etsy.com/market/covers_with_pictures
us,ai book cover generator,cover generator,ebook cover generator,book cover design,Sub page,1900,30,0,0,0,Commercial,"People Also Ask, Reviews, Video, Related Searches","0.55,0.65,0.65,0.82,0.55,0.65,0.65,0.65,0.82,0.82,1.00,1.00",0,https://www.canva.com/create/book-covers/,https://venngage.com/ai-tools/book-cover-generator,https://www.vondy.com/a-i-book-cover-generator--keDWfCAS,https://creator.nightcafe.studio/trend/ai-book-cover-generator,https://www.fotor.com/features/ai-book-cover-generator/,https://kdp.amazon.com/help/topic/G201113520,https://coverdesignai.com/,https://www.canva.com/ebook-covers/templates/,https://www.canva.com/create/ebook-covers/,https://diybookcovers.com/3Dmockups/,https://www.vondy.com/a-i-book-cover-generator--keDWfCAS,https://venngage.com/ai-tools/book-cover-generator,https://www.canva.com/create/book-covers/,https://creator.nightcafe.studio/trend/ai-book-cover-generator,https://coverdesignai.com/,https://gravitywrite.com/ai-book-cover-maker,https://www.fotor.com/features/ai-book-cover-generator/,https://stockimg.ai/category/ai-book-cover-generator,https://getimg.ai/use-cases/ai-book-cover-maker-generate-unique-professional-covers,https://publishdrive.com/cover-image-generator.html
us,fall facebook covers,free fb cover photos,fall facebook covers,social media cover design,Sub page,1000,24,0,0,0,Informational,"Image Pack, Site Links, Video, Image, Related Searches","0.00,0.00,0.00,0.00,0.00,0.01,0.24,1.00,0.53,0.35,0.00,0.00",0,https://www.pinterest.com/countryheart37/fall-facebook-cover-photos/,https://www.canva.com/facebook-covers/templates/fall/,https://www.freepik.com/photos/fall-facebook-cover,https://timelinecovers.pro/search/result/autumn,https://www.facebook.com/FallFans/,https://www.pinterest.com/pin/521291725597250220/,https://www.freepik.com/free-photos-vectors/fall-facebook-cover,https://www.canva.com/facebook-covers/templates/,https://www.pexels.com/search/facebook%20cover/,https://timelinecovers.pro/covers/nature-landscape/beautiful-autumn-facebook-cover-photo,https://www.canva.com/facebook-covers/templates/fall/,https://www.pinterest.com/countryheart37/fall-facebook-cover-photos/,https://www.freepik.com/photos/fall-facebook-cover,https://timelinecovers.pro/search/result/autumn,https://www.pinterest.com/pin/instagram-photo-by-subject_light-oct-4-2015-at-732pm-utc--87749892731903560/,https://timelinecovers.pro/covers/nature-landscape/beautiful-autumn-facebook-cover-photo,https://www.canva.com/facebook-covers/templates/,https://www.facebook.com/InLoveWithFall/,https://www.entheosweb.com/freebies/autumn-fall-facebook-covers/,https://www.etsy.com/market/fall_facebook_cover
us,fall facebook cover photos,free fb cover photos,fall facebook covers,social media cover design,Sub page,1600,28,0,0,0,Informational,"Image Pack, Reviews, Image, Related Searches","0.00,0.00,0.00,0.00,0.00,0.00,0.10,0.44,0.36,0.29,0.00,0.00",0,https://www.pinterest.com/countryheart37/fall-facebook-cover-photos/,https://www.canva.com/facebook-covers/templates/fall/,https://www.freepik.com/photos/fall-facebook-cover,https://timelinecovers.pro/search/result/autumn,https://www.facebook.com/FallFans/,https://www.pinterest.com/pin/521291725597250220/,https://www.freepik.com/free-photos-vectors/fall-facebook-cover,https://www.canva.com/facebook-covers/templates/,https://www.pexels.com/search/facebook%20cover/,https://timelinecovers.pro/covers/nature-landscape/beautiful-autumn-facebook-cover-photo,https://www.pinterest.com/countryheart37/fall-facebook-cover-photos/,https://www.canva.com/facebook-covers/templates/fall/,https://www.freepik.com/photos/fall-facebook-cover,https://www.facebook.com/FallFans/,https://www.pinterest.com/pin/instagram-photo-by-subject_light-oct-4-2015-at-732pm-utc--87749892731903560/,https://timelinecovers.pro/search/result/autumn,https://www.facebook.com/InLoveWithFall/,https://timelinecovers.pro/search/result/fall,https://www.freepik.com/free-photos-vectors/fall-facebook-cover,https://www.pexels.com/search/facebook%20cover/
us,fantasy book covers,fantasy book cover generator,fantasy book cover,book cover design,Sub page,1000,8,0,0,0,Informational,"Image Pack, Site Links, Video, Related Searches","0.81,0.81,0.62,0.45,0.55,0.62,0.81,0.81,0.30,0.62,0.45,0.81",0,https://www.canva.com/book-covers/templates/fiction/,https://www.thebookdesigner.com/20-best-book-covers-in-fantasy/,https://miblart.com/blog/fantasy-book-cover-design/,https://thebookcoverdesigner.com/product-category/premade-book-covers/science-fiction-fantasy/,https://www.pinterest.com/moonpressdesign/fantasy-book-covers/,https://bookcoverzone.com/premade-book-covers/fiction/fantasy,https://www.reddit.com/r/ProgressionFantasy/comments/157o93b/i_spent_700_on_a_fantasy_book_cover_service_heres/,https://www.postermywall.com/index.php/s/fantasy-book-covers,https://www.reddit.com/r/Fantasy/comments/kxrg24/what_are_the_best_and_worst_fantasy_book_covers/,https://www.goodreads.com/list/show/3307.Best_Fantasy_Book_Covers,https://thebookcoverdesigner.com/product-category/premade-book-covers/science-fiction-fantasy/,https://miblart.com/blog/fantasy-book-cover-design/,https://www.reddit.com/r/Fantasy/comments/kxrg24/what_are_the_best_and_worst_fantasy_book_covers/,https://bookcoverzone.com/premade-book-covers/fiction/fantasy,https://www.pinterest.com/moonpressdesign/fantasy-book-covers/,https://www.canva.com/book-covers/templates/fiction/,https://www.thebookdesigner.com/20-best-book-covers-in-fantasy/,https://rebeccafrank.design/,https://www.krafigs.com/fantasy-premade-book-covers,https://www.postermywall.com/index.php/s/fantasy-book-covers
us,iconic album covers,album art cover,iconic album covers,professional cover design,Sub page,8100,26,0,0,0,"Informational, Commercial","People Also Ask, Site Links, Reviews, Video, Image, Related Searches","0.54,0.54,0.54,0.44,0.44,0.54,0.81,1.00,1.00,0.66,0.66,0.66",0,https://www.billboard.com/photos/best-album-covers-of-all-time-6715351/,https://www.rollingstone.com/music/music-lists/best-album-covers-1235035232/,https://indieground.net/blog/best-album-covers-of-all-time/,https://www.amazon.com/Greatest-Album-Covers-All-Time/dp/1843403013,https://www.udiscovermusic.com/stories/the-100-greatest-album-covers/,https://www.highsnobiety.com/p/best-album-covers-time/,https://www.udiscovermusic.com/stories/25-iconic-album-covers/,https://www.linearity.io/blog/best-album-covers/,https://www.reddit.com/r/LetsTalkMusic/comments/17boh6l/what_are_the_most_important_andor_iconic_album/,https://forums.stevehoffman.tv/threads/billboard-chooses-the-100-best-album-covers-of-all-time.1181470/,https://www.billboard.com/photos/best-album-covers-of-all-time-6715351/,https://www.rollingstone.com/music/music-lists/best-album-covers-1235035232/,https://www.reddit.com/r/LetsTalkMusic/comments/17boh6l/what_are_the_most_important_andor_iconic_album/,https://www.udiscovermusic.com/stories/25-iconic-album-covers/,https://indieground.net/blog/best-album-covers-of-all-time/,https://www.recordoftheday.com/news-and-press/abbey-road-voted-the-most-iconic-album-cover-of-all-time,https://www.youtube.com/watch?v=NgxsXPAzEWU,https://www.quora.com/What-is-the-most-instantly-recognisable-album-cover-in-history-without-the-artist-s-pictured-on-it,https://www.elektronauts.com/t/most-iconic-album-covers/224857?page=2,https://offsetguitars.com/forums/viewtopic.php?f=13&t=125935
us,best album covers of all time,album art cover,iconic album covers,professional cover design,Sub page,2900,23,0,0,0,Commercial,"People Also Ask, Site Links, Video, Image, Related Searches","0.65,0.65,0.65,0.65,0.65,1.00,0.65,0.65,0.81,0.65,0.65,0.81",0,https://www.billboard.com/photos/best-album-covers-of-all-time-6715351/,https://www.rollingstone.com/music/music-lists/best-album-covers-1235035232/,https://indieground.net/blog/best-album-covers-of-all-time/,https://www.amazon.com/Greatest-Album-Covers-All-Time/dp/1843403013,https://www.udiscovermusic.com/stories/the-100-greatest-album-covers/,https://www.highsnobiety.com/p/best-album-covers-time/,https://www.udiscovermusic.com/stories/25-iconic-album-covers/,https://www.linearity.io/blog/best-album-covers/,https://www.reddit.com/r/LetsTalkMusic/comments/17boh6l/what_are_the_most_important_andor_iconic_album/,https://forums.stevehoffman.tv/threads/billboard-chooses-the-100-best-album-covers-of-all-time.1181470/,https://www.billboard.com/photos/best-album-covers-of-all-time-6715351/,https://www.rollingstone.com/music/music-lists/best-album-covers-1235035232/,https://www.reddit.com/r/musicsuggestions/comments/1hqjj0j/what_in_your_opinion_is_the_best_album_cover_of/,https://indieground.net/blog/best-album-covers-of-all-time/,https://www.amazon.com/Greatest-Album-Covers-All-Time/dp/1843403013,https://www.quora.com/What-are-some-of-the-best-cover-albums-ever-made-by-a-band,https://m.youtube.com/watch?v=bL2yq7Vyjak&pp=ygUJI2VwY292ZXJz,https://forums.stevehoffman.tv/threads/billboard-chooses-the-100-best-album-covers-of-all-time.1181470/,https://www.recordoftheday.com/news-and-press/abbey-road-voted-the-most-iconic-album-cover-of-all-time,https://www.quora.com/Whats-the-best-album-cover-youve-ever-seen
us,best album covers ever,album art cover,iconic album covers,professional cover design,Sub page,1600,21,0,0,0,Commercial,"Image Pack, Site Links, Reviews, Video, Image, Related Searches","0.30,0.34,0.55,0.34,0.65,0.65,0.82,0.20,1.00,0.34,0.65,0.82",0,https://www.billboard.com/photos/best-album-covers-of-all-time-6715351/,https://www.rollingstone.com/music/music-lists/best-album-covers-1235035232/,https://indieground.net/blog/best-album-covers-of-all-time/,https://www.amazon.com/Greatest-Album-Covers-All-Time/dp/1843403013,https://www.udiscovermusic.com/stories/the-100-greatest-album-covers/,https://www.highsnobiety.com/p/best-album-covers-time/,https://www.udiscovermusic.com/stories/25-iconic-album-covers/,https://www.linearity.io/blog/best-album-covers/,https://www.reddit.com/r/LetsTalkMusic/comments/17boh6l/what_are_the_most_important_andor_iconic_album/,https://forums.stevehoffman.tv/threads/billboard-chooses-the-100-best-album-covers-of-all-time.1181470/,https://www.rollingstone.com/music/music-lists/best-album-covers-1235035232/,https://www.billboard.com/photos/best-album-covers-of-all-time-6715351/,https://www.reddit.com/r/musicsuggestions/comments/1hqjj0j/what_in_your_opinion_is_the_best_album_cover_of/,https://indieground.net/blog/best-album-covers-of-all-time/,https://www.amazon.com/Greatest-Album-Covers-All-Time/dp/1843403013,https://www.quora.com/Whats-the-best-album-cover-youve-ever-seen,https://forums.stevehoffman.tv/threads/billboard-chooses-the-100-best-album-covers-of-all-time.1181470/,https://www.quora.com/What-are-the-10-most-iconic-album-covers-in-rock-and-roll-history,https://www.highsnobiety.com/p/best-album-covers-time/,https://www.youtube.com/watch?v=bL2yq7Vyjak&pp=ygUJI2VwY292ZXJz
us,best album art of all time,album art cover,iconic album covers,professional cover design,Sub page,1300,24,0,0,0,Commercial,"Carousel, Site Links, Reviews, Video, Related Searches","0.20,0.34,0.44,0.34,1.00,0.05,0.82,0.82,0.65,0.05,0.55,0.82",0,https://www.billboard.com/photos/best-album-covers-of-all-time-6715351/,https://www.rollingstone.com/music/music-lists/best-album-covers-1235035232/,https://indieground.net/blog/best-album-covers-of-all-time/,https://www.amazon.com/Greatest-Album-Covers-All-Time/dp/1843403013,https://www.udiscovermusic.com/stories/the-100-greatest-album-covers/,https://www.highsnobiety.com/p/best-album-covers-time/,https://www.udiscovermusic.com/stories/25-iconic-album-covers/,https://www.linearity.io/blog/best-album-covers/,https://www.reddit.com/r/LetsTalkMusic/comments/17boh6l/what_are_the_most_important_andor_iconic_album/,https://forums.stevehoffman.tv/threads/billboard-chooses-the-100-best-album-covers-of-all-time.1181470/,https://www.billboard.com/photos/best-album-covers-of-all-time-6715351/,https://www.rollingstone.com/music/music-lists/best-album-covers-1235035232/,https://www.reddit.com/r/Music/comments/12urdao/best_album_art_of_all_time/,https://indieground.net/blog/best-album-covers-of-all-time/,https://www.amazon.com/Greatest-Album-Covers-All-Time/dp/1843403013,https://www.quora.com/Whats-the-best-album-cover-youve-ever-seen,https://forums.stevehoffman.tv/threads/billboard-chooses-the-100-best-album-covers-of-all-time.1181470/,https://www.quora.com/What-band-had-the-coolest-album-art-of-all-time,https://www.highsnobiety.com/p/best-album-covers-time/,https://www.youtube.com/watch?v=bL2yq7Vyjak&pp=ygUJI2VwY292ZXJz
us,best record covers,album art cover,iconic album covers,professional cover design,Sub page,1300,27,0,0,0,Commercial,"Image Pack, People Also Ask, Short Videos, Site Links, Video, Image, Popular Products, Related Searches, See Results About","0.05,0.04,0.54,0.36,0.36,0.29,0.65,0.54,0.43,0.13,0.29,0.03",0,https://www.billboard.com/photos/best-album-covers-of-all-time-6715351/,https://www.rollingstone.com/music/music-lists/best-album-covers-1235035232/,https://indieground.net/blog/best-album-covers-of-all-time/,https://www.amazon.com/Greatest-Album-Covers-All-Time/dp/1843403013,https://www.udiscovermusic.com/stories/the-100-greatest-album-covers/,https://www.highsnobiety.com/p/best-album-covers-time/,https://www.udiscovermusic.com/stories/25-iconic-album-covers/,https://www.linearity.io/blog/best-album-covers/,https://www.reddit.com/r/LetsTalkMusic/comments/17boh6l/what_are_the_most_important_andor_iconic_album/,https://forums.stevehoffman.tv/threads/billboard-chooses-the-100-best-album-covers-of-all-time.1181470/,https://www.rollingstone.com/music/music-lists/best-album-covers-1235035232/,https://www.billboard.com/photos/best-album-covers-of-all-time-6715351/,https://www.reddit.com/r/vinyl/comments/130x5w1/best_album_art/,https://indieground.net/blog/best-album-covers-of-all-time/,https://www.amazon.com/Best-Album-Covers-Storm-Thorgerson/dp/078944951X,https://www.udiscovermusic.com/stories/the-100-greatest-album-covers/,https://forums.stevehoffman.tv/threads/billboard-chooses-the-100-best-album-covers-of-all-time.1181470/,https://www.goldderby.com/forum/music/favorite-best-iconic-album-covers-of-the-last-decade/,https://www.youtube.com/watch?v=3U8ZZ-bizlI,https://acousticguitarcabin.boards.net/thread/3217/best-album-covers-all-time
us,cool record covers,album art cover,iconic album covers,professional cover design,Sub page,1300,30,0,0,0,Commercial,"Image Pack, People Also Ask, Site Links, Reviews, Video, Image, Popular Products, Related Searches","0.07,0.10,0.35,0.03,0.02,0.81,0.03,1.00,0.04,0.01,0.04,0.04",0,https://www.billboard.com/photos/best-album-covers-of-all-time-6715351/,https://www.rollingstone.com/music/music-lists/best-album-covers-1235035232/,https://indieground.net/blog/best-album-covers-of-all-time/,https://www.amazon.com/Greatest-Album-Covers-All-Time/dp/1843403013,https://www.udiscovermusic.com/stories/the-100-greatest-album-covers/,https://www.highsnobiety.com/p/best-album-covers-time/,https://www.udiscovermusic.com/stories/25-iconic-album-covers/,https://www.linearity.io/blog/best-album-covers/,https://www.reddit.com/r/LetsTalkMusic/comments/17boh6l/what_are_the_most_important_andor_iconic_album/,https://forums.stevehoffman.tv/threads/billboard-chooses-the-100-best-album-covers-of-all-time.1181470/,https://www.billboard.com/photos/best-album-covers-of-all-time-6715351/,https://www.rollingstone.com/music/music-lists/best-album-covers-1235035232/,https://www.reddit.com/r/fantanoforever/comments/1dr3l5a/what_is_the_coolest_album_cover_art_you_have_ever/,https://www.udiscovermusic.com/stories/the-100-greatest-album-covers/,https://indieground.net/blog/best-album-covers-of-all-time/,https://www.pinterest.com/alltomorrowsvintage/vintage-album-covers/,https://www.pickledpriest.com/single-post/2021-year-in-review-our-25-favorite-album-covers-of-the-year-and-10-of-the-worst,https://vintagerock.com/best-of-rock-10-album-covers-that-changed-my-life/,https://www.highsnobiety.com/p/best-album-covers-time/,https://www.linearity.io/blog/best-album-covers/
us,best cd covers of all time,album art cover,iconic album covers,professional cover design,Sub page,1000,24,0,0,0,Commercial,"Site Links, Reviews, Video, Image, Related Searches","0.54,0.66,0.66,0.54,0.66,0.00,1.00,0.00,0.30,0.16,0.54,0.00",0,https://www.billboard.com/photos/best-album-covers-of-all-time-6715351/,https://www.rollingstone.com/music/music-lists/best-album-covers-1235035232/,https://indieground.net/blog/best-album-covers-of-all-time/,https://www.amazon.com/Greatest-Album-Covers-All-Time/dp/1843403013,https://www.udiscovermusic.com/stories/the-100-greatest-album-covers/,https://www.highsnobiety.com/p/best-album-covers-time/,https://www.udiscovermusic.com/stories/25-iconic-album-covers/,https://www.linearity.io/blog/best-album-covers/,https://www.reddit.com/r/LetsTalkMusic/comments/17boh6l/what_are_the_most_important_andor_iconic_album/,https://forums.stevehoffman.tv/threads/billboard-chooses-the-100-best-album-covers-of-all-time.1181470/,https://www.billboard.com/photos/best-album-covers-of-all-time-6715351/,https://www.rollingstone.com/music/music-lists/best-album-covers-1235035232/,https://www.reddit.com/r/musicsuggestions/comments/1hqjj0j/what_in_your_opinion_is_the_best_album_cover_of/,https://indieground.net/blog/best-album-covers-of-all-time/,https://www.amazon.com/Greatest-Album-Covers-All-Time/dp/1843403013,https://www.youtube.com/watch?v=X8OXpjL1RhA,https://www.quora.com/Whats-the-best-album-cover-youve-ever-seen,https://m.youtube.com/watch?v=bL2yq7Vyjak&pp=ygUJI2VwY292ZXJz,https://www.highsnobiety.com/p/best-album-covers-time/,https://forums.stevehoffman.tv/threads/billboard-chooses-the-100-best-album-covers-of-all-time.1181470/
us,best record covers of all time,album art cover,iconic album covers,professional cover design,Sub page,1000,22,0,0,0,Commercial,"People Also Ask, Reviews, Video, Related Searches","0.54,0.66,0.66,0.54,0.66,0.00,1.00,0.00,0.30,0.16,0.54,0.00",0,https://www.billboard.com/photos/best-album-covers-of-all-time-6715351/,https://www.rollingstone.com/music/music-lists/best-album-covers-1235035232/,https://indieground.net/blog/best-album-covers-of-all-time/,https://www.amazon.com/Greatest-Album-Covers-All-Time/dp/1843403013,https://www.udiscovermusic.com/stories/the-100-greatest-album-covers/,https://www.highsnobiety.com/p/best-album-covers-time/,https://www.udiscovermusic.com/stories/25-iconic-album-covers/,https://www.linearity.io/blog/best-album-covers/,https://www.reddit.com/r/LetsTalkMusic/comments/17boh6l/what_are_the_most_important_andor_iconic_album/,https://forums.stevehoffman.tv/threads/billboard-chooses-the-100-best-album-covers-of-all-time.1181470/,https://www.rollingstone.com/music/music-lists/best-album-covers-1235035232/,https://www.billboard.com/photos/best-album-covers-of-all-time-6715351/,https://www.reddit.com/r/popheads/comments/1eaqpud/the_100_best_album_covers_of_all_time/,https://indieground.net/blog/best-album-covers-of-all-time/,https://forums.stevehoffman.tv/threads/billboard-chooses-the-100-best-album-covers-of-all-time.1181470/,https://www.amazon.com/Greatest-Album-Covers-All-Time/dp/1843403013,https://www.reddit.com/r/LetsTalkMusic/comments/17boh6l/what_are_the_most_important_andor_iconic_album/,https://m.youtube.com/watch?v=bL2yq7Vyjak&pp=ygUJI2VwY292ZXJz,https://www.recordoftheday.com/news-and-press/abbey-road-voted-the-most-iconic-album-cover-of-all-time,https://www.quora.com/What-are-some-of-the-best-cover-albums-ever-made-by-a-band
us,ai auto mask pixlr,cover photo maker ai,image editor pixel,social media cover design,Sub page,2400,19,0,0,0,"Navigational, Transactional","Image Pack, People Also Ask, Site Links, Reviews, Video, Related Searches",1.00,0,https://pixlr.com/editor/,https://pixlr.com/,https://www.resizepixel.com/,https://pixlr.com/express/,https://support.google.com/pixelcamera/answer/9940184?hl=en,https://www.pixelmator.com/pro/,https://www.youtube.com/watch?v=qSOxjT7sCfk,https://image.pi7.org/resize-image-pixel,https://pixlr.com/blog/change-your-background-with-pixlrs-ai-cutout-perfect-for-product-photography/,https://pixlr.com/ai/ai-background-changer/,https://www.youtube.com/watch?v=qSOxjT7sCfk,https://pixlr.com/blog/change-your-background-with-pixlrs-ai-cutout-perfect-for-product-photography/,https://pixlr.com/,https://pixlr.com/ai/ai-background-changer/,https://pixlr.com/editor/,https://pixlr.com/blog/mastering-pixlrs-remove-bg-tool-for-beginners/,https://www.mindluster.com/lesson/180416-video,https://www.youtube.com/watch?v=0rZP8Vm-WPE,https://pixlr.com/express/,https://www.toolify.ai/ai-news/create-stunning-clipping-masks-pixlr-e-2022-109028
us,jackets for books,booklet covers,jackets for books,book cover design,Sub page,1000,17,0,0,0,Commercial,"Image Pack, Video Carousel, People Also Ask, Site Links, Video, Image, Popular Products, Related Searches","0.68,0.68,0.68,0.68,0.46,0.68,0.52,0.25,0.37,0.20,0.68,0.08",0,https://juniperbooks.com/collections/jackets-only,https://mixam.com/custom-dust-jackets,https://nerdy.ink/collections/dustjackets,https://junipercustom.com/collections/jackets-only,https://mixam.com/dust-jackets,https://www.dustjackets.com/,https://www.reddit.com/r/books/comments/1ce5ppl/dust_jackets_are_they_good_for_anything/,https://charlieandfox.com.au/collections/dust-jackets,https://www.48hrbooks.com/covers/dust-jacket,https://www.etsy.com/market/custom_book_jackets,https://juniperbooks.com/collections/jackets-only,https://nerdy.ink/collections/dustjackets,https://www.dustjackets.com/,https://mixam.com/custom-dust-jackets,https://www.reddit.com/r/books/comments/1ce5ppl/dust_jackets_are_they_good_for_anything/,https://junipercustom.com/collections/jackets-only,https://charlieandfox.com.au/collections/dust-jackets,https://www.etsy.com/market/dust_jackets,https://mixam.com/support/dustjackets,https://www.thelibrarystore.com/category/book-jacket-covers
us,nude ai art,ai cover art maker,nude ai art,ai cover generator,Sub page,1300,21,0,0,0,Commercial,,"0.16,0.08,0.18,0.13,0.18,0.35,0.07,0.29,1.00,0.03,0.02,0.00",0,https://www.canva.com/ai-art-generator/,https://gdprinfo.eu/best-nsfw-ai-generators,https://www.wired.com/story/genomis-ai-image-database-exposed/,https://www.basedlabs.ai/tools/ai-nude-generator,https://www.artnome.com/news/2018/3/29/ai-art-just-got-awesome,https://folio.procreate.com/nsfw-ai-generator,https://anakin.ai/apps/nude-ai-art-generator-24860,https://huggingface.co/app-nude-ai/ai-nude-generators,https://cloud.google.com/use-cases/text-to-image-ai,https://www.canva.com/features/ai-filter/,https://www.artnome.com/news/2018/3/29/ai-art-just-got-awesome,https://www.strandbooks.com/ai-nudes-the-art-of-ai-born-beauties-9783948450960.html,https://www.wired.com/story/genomis-ai-image-database-exposed/,https://www.canva.com/ai-art-generator/,https://www.basedlabs.ai/tools/ai-nude-generator,https://gdprinfo.eu/best-nsfw-ai-generators,https://anakin.ai/apps/nude-ai-art-generator-24860,https://folio.procreate.com/nsfw-ai-generator,https://www.youtube.com/watch?v=aN7Xo_NacKU,https://huggingface.co/app-nude-ai/ai-nude-generators
us,paperback book covers,booklet covers,paperback book cover,book cover design,Sub page,1300,25,0,0,0,Commercial,"Image Pack, People Also Ask, Site Links, Reviews, Video, Image, Popular Products, Related Searches","0.52,0.52,0.52,0.68,0.68,0.84,1.00,0.68,0.52,0.68,0.52,0.84",0,https://www.thelibrarystore.com/category/book-covers,https://www.vernonlibrarysupplies.com/category/paperback_book_covers,https://www.shopbrodart.com/book-protection/,https://www.amazon.com/paperback-book-cover/s?k=paperback+book+cover,https://kdp.amazon.com/help/topic/G201953020,https://ideas.demco.com/blog/book-doctor-series-protecting-softcover-books/,https://www.reddit.com/r/HelpMeFind/comments/16pg9ej/does_anyone_know_if_i_can_find_such_book_covers/,https://designmom.com/living-well-4-secrets-to-a-carefully-covered-book/,https://www.youtube.com/watch?v=oP4wErvm1g4,https://www.etsy.com/market/paperback_book_cover,https://www.amazon.com/paperback-book-cover/s?k=paperback+book+cover,https://www.thelibrarystore.com/category/book-covers,https://bookcoverzone.com/,https://www.reddit.com/r/HelpMeFind/comments/16pg9ej/does_anyone_know_if_i_can_find_such_book_covers/,https://www.shopbrodart.com/book-protection/,https://designmom.com/living-well-4-secrets-to-a-carefully-covered-book/,https://www.youtube.com/watch?v=x4NPaFm2v5g,https://www.shopbrodart.com/Library-Supplies/Book-Care-and-Repair-Supplies/Book-Covers/,https://www.etsy.com/market/paperback_book_cover,https://www.youtube.com/watch?v=hCnzbyxF8h0
us,random album generator,music album generator,rap album generator,ai cover generator,Sub page,1600,10,0,0,0,Informational,"Site Links, Reviews, Video, Related Searches","0.52,0.52,0.52,0.84,0.68,1.00,0.68,0.68,0.68,0.84,1.00,1.00",0,https://www.chosic.com/random-albums-generator/,https://www.reddit.com/r/Music/comments/fipjpo/random_album_recommendation_generator_no/,https://randommer.io/random-albums,https://1001albumsgenerator.com/,https://placeit.net/c/design-templates/stages/album-cover-creator-for-a-rapper-with-gangster-style-2868f,https://www.canva.com/album-covers/templates/hip-hop/,https://www.neuralframes.com/tools/ai-album-cover-generator,https://www.randomlists.com/random-albums,https://www.vondy.com/hip-album-cover-generator--Fxs0Oo39,https://www.canva.com/create/album-covers/,https://www.reddit.com/r/Music/comments/fipjpo/random_album_recommendation_generator_no/,https://www.chosic.com/random-albums-generator/,https://randommer.io/random-albums,https://1001albumsgenerator.com/,https://www.randomlists.com/random-albums,https://random-song.com/,https://www.vondy.com/random-album-generator--r0fMc0fU,https://www.needlesandgrooves.com/threads/the-official-needles-and-grooves-1001-album-generator-project-aka-preachin%E2%80%99-about-the-preachers-if-today%E2%80%99s-selection-sucks.2285/,https://forums.stevehoffman.tv/threads/random-album-generator.996594/,https://www.albumoftheyear.org/user/lindytobz/list/135647/aoty-random-album-button/
us,magazine covers,magazine photo cover,simple magazine cover,professional cover design,Sub page,8100,26,0,0,0,Informational,"Image Pack, People Also Ask, Reviews, Video, Image, Related Searches","0.29,0.54,0.66,0.54,0.19,0.36,0.44,0.44,0.44,0.36,0.24,0.24",0,https://www.canva.com/magazine-covers/templates/,https://www.pinterest.com/mycre8ivelife/magazine-cover-designs/,https://www.pinterest.com/bonnietsang/magazine-covers/,https://www.postermywall.com/index.php/sizes/cover-art/magazine-covers,https://www.canva.com/magazine-covers/templates/fashion/,https://www.behance.net/search/projects/magazine%20cover?locale=en_US,https://www.yourcover.com/,https://coverjunkie.com/,https://stock.adobe.com/search?k=magazine+cover,https://www.canva.com/learn/magazine-cover-design/,https://coverjunkie.com/,https://www.canva.com/magazine-covers/templates/,https://www.asme.media/top-40-magazine-covers-of-the-last-40-years-2,https://www.thelibrarystore.com/category/magazine-protection,https://www.pinterest.com/bonnietsang/magazine-covers/,https://www.illustratedgallery.com/artwork/for-sale/collection/magazine-covers/,https://www.postermywall.com/index.php/sizes/cover-art/magazine-covers,https://timecoverstore.com/,https://www.pinterest.com/mycre8ivelife/magazine-cover-designs/,https://www.yourcover.com/
us,thumbnail tester,thumbnail rater,thumbnail tester,youtube thumbnail maker,Sub page,1300,21,0,0,0,Informational,"Image Pack, Site Links, Reviews, Video, Related Searches","0.52,0.68,0.68,0.68,0.68,1.00,0.52,0.68,0.68,0.52,0.52,0.84",0,https://www.testmythumbnails.com/,https://www.testmythumbnails.com/ratemythumbnail,https://support.google.com/youtube/answer/13861714?hl=en_ID,https://thumbnailtest.com/,https://topseokit.com/youtube-thumbnail-tester/,https://thumbnail-ai.ybouane.com/,https://thumbnailpreview.com/,https://www.youtube.com/watch?v=-zP7SOk032s&vl=en,https://freethumbnailstester.vercel.app/,https://www.yeschat.ai/gpts-2OToA02LPc-Thumbnail-Analyzer,https://www.testmythumbnails.com/,https://thumbnailpreview.com/,https://freethumbnailstester.vercel.app/,https://support.google.com/youtube/answer/13861714?hl=en_ID,https://www.reddit.com/r/NewTubers/comments/w2rfjq/any_recommendations_for_thumbnail_test_sites/,https://www.testmythumbnails.com/ratemythumbnail,https://www.youtube.com/watch?v=4XZecrrCqB4,https://thumbnailtest.com/,https://topseokit.com/youtube-thumbnail-tester/,https://www.youtube.com/shorts/2mBIDzIUDJY
us,youtube banner plain black,cover photo for youtube video,youtube banner plain black,social media cover design,Sub page,1300,22,0,0,0,Informational,"Image Pack, Reviews, Video, Image, Related Searches","0.00,0.00,0.00,0.00,0.00,0.08,0.24,0.35,0.81,1.00,0.24,0.04",0,https://www.canva.com/youtube-channel-art/templates/,https://www.pinterest.com/ideas/black-youtube-banner/914915548141/,https://pngtree.com/free-backgrounds-photos/black-youtube-banner,https://www.freepik.com/free-photos-vectors/black-youtube-banner,https://www.vecteezy.com/free-vector/youtube-banner-black,https://www.postermywall.com/index.php/art/template/5558668c3aed79a685ab086d690b5c45/simple-youtube-banner-channel-black-and-white-design-template,https://www.pinterest.com/ideas/1024-x-576-youtube-banner-black/917175838978/,https://www.pinterest.com/ideas/dark-youtube-banner-1024-x-576/895247678664/,https://www.pinterest.com/pin/custom-youtube-banner-template--949907746388518749/,https://www.postermywall.com/index.php/art/template/1104bf6e14c10f6506430cc5254973a6/dark-texture-youtube-channel-art-template-design,https://www.pinterest.com/ideas/black-youtube-banner/914915548141/,https://www.canva.com/youtube-channel-art/templates/,https://www.freepik.com/free-photos-vectors/youtube-banner-black,https://www.pinterest.com/ideas/yt-banner-1024-x-576-black/900668322369/,https://www.vecteezy.com/free-vector/youtube-banner-black,https://pngtree.com/free-backgrounds-photos/black-youtube-banner,https://www.fotor.com/youtube-banner/templates/black/,https://www.postermywall.com/index.php/art/template/5558668c3aed79a685ab086d690b5c45/simple-youtube-banner-channel-black-and-white-design-template,https://www.freepik.com/free-photos-vectors/black-youtube-banner,https://www.vecteezy.com/free-photos/youtube-banner-black
us,youtube font,youtube thumbnail font generator,youtube font generator,youtube thumbnail maker,Sub page,1600,28,0,0,0,Informational,"Image Pack, People Also Ask, Site Links, Reviews, Video, Related Searches","0.55,0.65,0.55,0.44,0.55,0.65,0.55,0.55,0.55,0.55,0.55,0.55",0,https://www.textstudio.com/logo/youtube-415,https://capitalizemytitle.com/youtube-fonts-generator/,https://fancy-fonts.com/youtube-fonts/,https://www.reddit.com/r/youtube/comments/12xw33l/whats_the_font_used_in_video_titles_called/,https://www.youtube.com/watch?v=furTj7QyAHk,https://textcraft.net/style/jasonejohnson31/youtube-thumbnail,https://www.textstudio.com/logo/youtube-logo-1173,https://font.download/font/youtube-sans,https://notegpt.io/youtube-transcript-generator,https://www.youtube.com/watch?v=3RlkUrIea6k,https://www.reddit.com/r/youtube/comments/12xw33l/whats_the_font_used_in_video_titles_called/,https://font.download/font/youtube-sans,https://www.textstudio.com/logo/youtube-415,https://www.youtube.com/watch?v=furTj7QyAHk,https://support.google.com/youtube/answer/7364677?hl=en&co=GENIE.Platform%3DDesktop,https://www.dafontfree.io/youtube-logo-font/,https://www.fontspace.com/category/youtube,https://www.youtube.com/watch?v=F29qwg8AHl8,https://fancy-fonts.com/youtube-fonts/,https://capitalizemytitle.com/youtube-fonts-generator/
us,size for a youtube video,dimensions for youtube thumbnail,youtube video dimensions,youtube thumbnail maker,Sub page,1000,29,0,0,0,"Informational, Commercial","Image Pack, People Also Ask, Site Links, Reviews, Video, Featured Snippet, Related Searches","0.03,0.04,0.03,0.04,0.03,0.81,1.00,0.13,0.13,0.08,0.43,0.05",0,https://www.adobe.com/express/discover/sizes/youtube,https://support.google.com/youtube/answer/6375112?hl=en&co=GENIE.Platform%3DDesktop,https://riverside.fm/blog/youtube-video-size,https://www.descript.com/blog/article/the-ultimate-guide-to-youtube-video-sizes,https://www.captions.ai/blog-post/youtube-video-size,https://www.wevideo.com/blog/youtube-video-size,https://influencermarketinghub.com/youtube-video-size/,https://www.canva.com/sizes/youtube/,https://metricool.com/youtube-image-and-videos-dimensions/,https://snappa.com/blog/youtube-channel-art-size/,https://support.google.com/youtube/answer/6375112?hl=en&co=GENIE.Platform%3DDesktop,https://riverside.fm/blog/youtube-video-size,https://www.wevideo.com/blog/youtube-video-size,https://support.boldbrush.com/youtube-videos/youtube-video-size,https://www.adobe.com/express/discover/sizes/youtube,https://www.reddit.com/r/editors/comments/mqpoea/youtube_upload_size/,https://www.goldcast.io/blog-post/youtube-video-sizes,https://www.youtube.com/watch?v=ufUN8aI9lfs,https://www.reddit.com/r/NewTubers/comments/q5wb91/cinematic_dimensions_for_youtube/,https://www.descript.com/blog/article/the-ultimate-guide-to-youtube-video-sizes
